{"access_token": "ya29.GltNBiHfQuMNg04CQ2gwL_nhhyBnJZQ3CMbpEbSzvkxQdajPZ_79zw5q_Cv6CpOvgcB70klpK5fsP5u60oWJVNfrwosDcii8s2znS3RRxKv7vc-wQrotZDrpeZ66", "client_id": "180816093246-9hbkbk2vlepg1ik5vkqke0ec7eh09tr4.apps.googleusercontent.com", "client_secret": "wg-Yc2YbEBigcF6SmmzCnyMa", "refresh_token": "1/4D_yxP8kLDk0RvpD4cMV0WywG6v-aa_kUF-foi4Z3la3toXR2aKik-JxyHsgFo7s", "token_expiry": "2018-11-07T03:41:48Z", "token_uri": "https://www.googleapis.com/oauth2/v3/token", "user_agent": null, "revoke_uri": "https://oauth2.googleapis.com/revoke", "id_token": null, "id_token_jwt": null, "token_response": {"access_token": "ya29.GltNBiHfQuMNg04CQ2gwL_nhhyBnJZQ3CMbpEbSzvkxQdajPZ_79zw5q_Cv6CpOvgcB70klpK5fsP5u60oWJVNfrwosDcii8s2znS3RRxKv7vc-wQrotZDrpeZ66", "expires_in": 3600, "refresh_token": "1/4D_yxP8kLDk0RvpD4cMV0WywG6v-aa_kUF-foi4Z3la3toXR2aKik-JxyHsgFo7s", "scope": "https://www.googleapis.com/auth/drive.metadata.readonly", "token_type": "Bearer"}, "scopes": ["https://www.googleapis.com/auth/drive.metadata.readonly"], "token_info_uri": "https://oauth2.googleapis.com/tokeninfo", "invalid": false, "_class": "OAuth2Credentials", "_module": "oauth2client.client"}